zone_id,0,1,2,3,4,5,6,7,8,9,10,11,12,13,14,15,16,17,18,19,20,21,22,23
1,0.0,0.0,0.0,0.0,0.041666666666666664,0.041666666666666664,0.041666666666666664,0.125,0.08333333333333333,0.041666666666666664,0.08333333333333333,0.041666666666666664,0.125,0.0,0.041666666666666664,0.20833333333333334,0.041666666666666664,0.0,0.16666666666666666,0.041666666666666664,0.0,0.0,0.0,0.0
2,0.0,0.0,0.0,0.0,0.0,0.0,0.0,0.0,0.0,0.0,0.0,0.0,0.0,0.0,0.0,0.0,0.0,0.0,0.0,0.0,0.0,0.0,0.0,0.0
3,0.0,0.0,0.0,0.0,0.0,0.0,0.041666666666666664,0.041666666666666664,0.0,0.0,0.0,0.0,0.041666666666666664,0.041666666666666664,0.0,0.0,0.0,0.0,0.0,0.0,0.0,0.0,0.0,0.0
4,0.041666666666666664,0.0,0.041666666666666664,0.0,0.0,0.041666666666666664,0.041666666666666664,0.08333333333333333,0.375,0.25,0.125,0.041666666666666664,0.16666666666666666,0.16666666666666666,0.08333333333333333,0.125,0.0,0.20833333333333334,0.041666666666666664,0.041666666666666664,0.041666666666666664,0.0,0.25,0.0
5,0.0,0.0,0.0,0.0,0.0,0.0,0.0,0.0,0.0,0.0,0.0,0.0,0.0,0.0,0.0,0.0,0.0,0.0,0.0,0.0,0.0,0.0,0.0,0.0
6,0.0,0.0,0.0,0.0,0.0,0.0,0.0,0.0,0.0,0.0,0.0,0.0,0.0,0.0,0.0,0.041666666666666664,0.0,0.0,0.0,0.0,0.0,0.0,0.0,0.0
7,0.0,0.0,0.041666666666666664,0.0,0.08333333333333333,0.041666666666666664,0.20833333333333334,0.041666666666666664,0.20833333333333334,0.375,0.125,0.20833333333333334,0.25,0.16666666666666666,0.25,0.2916666666666667,0.3333333333333333,0.08333333333333333,0.0,0.08333333333333333,0.041666666666666664,0.125,0.041666666666666664,0.041666666666666664
8,0.0,0.0,0.0,0.0,0.0,0.0,0.0,0.0,0.0,0.0,0.0,0.0,0.0,0.041666666666666664,0.0,0.0,0.041666666666666664,0.0,0.0,0.0,0.0,0.0,0.0,0.0
9,0.0,0.0,0.0,0.0,0.0,0.0,0.0,0.0,0.0,0.0,0.0,0.0,0.08333333333333333,0.0,0.0,0.0,0.0,0.0,0.0,0.0,0.0,0.0,0.0,0.0
10,0.0,0.041666666666666664,0.0,0.041666666666666664,0.041666666666666664,0.08333333333333333,0.20833333333333334,0.16666666666666666,0.20833333333333334,0.08333333333333333,0.08333333333333333,0.125,0.125,0.20833333333333334,0.125,0.16666666666666666,0.5833333333333334,0.125,0.041666666666666664,0.20833333333333334,0.0,0.041666666666666664,0.08333333333333333,0.0
11,0.0,0.0,0.0,0.0,0.0,0.0,0.0,0.0,0.0,0.0,0.0,0.041666666666666664,0.08333333333333333,0.0,0.0,0.0,0.0,0.041666666666666664,0.0,0.0,0.0,0.0,0.0,0.0
12,0.0,0.0,0.0,0.0,0.0,0.0,0.0,0.0,0.0,0.08333333333333333,0.125,0.2916666666666667,0.4583333333333333,0.7083333333333334,0.5,0.4583333333333333,0.8333333333333334,0.5833333333333334,0.0,0.0,0.0,0.0,0.0,0.0
13,0.041666666666666664,0.0,0.0,0.0,0.0,0.25,0.3333333333333333,1.0416666666666667,1.6666666666666667,1.6666666666666667,1.4583333333333333,2.6666666666666665,2.5,2.7916666666666665,3.3333333333333335,2.9166666666666665,3.0,3.1666666666666665,1.2083333333333333,1.1666666666666667,0.5416666666666666,0.375,0.25,0.0
14,0.08333333333333333,0.0,0.0,0.041666666666666664,0.041666666666666664,0.0,0.0,0.041666666666666664,0.041666666666666664,0.0,0.08333333333333333,0.20833333333333334,0.125,0.041666666666666664,0.125,0.0,0.0,0.0,0.0,0.0,0.0,0.0,0.041666666666666664,0.0
15,0.0,0.0,0.0,0.0,0.0,0.0,0.0,0.0,0.0,0.0,0.0,0.0,0.0,0.0,0.0,0.0,0.0,0.041666666666666664,0.0,0.0,0.0,0.0,0.0,0.0
16,0.0,0.0,0.0,0.0,0.0,0.0,0.0,0.0,0.0,0.125,0.0,0.0,0.041666666666666664,0.0,0.041666666666666664,0.0,0.0,0.0,0.0,0.0,0.0,0.0,0.0,0.0
17,0.041666666666666664,0.041666666666666664,0.0,0.0,0.0,0.0,0.0,0.0,0.08333333333333333,0.20833333333333334,0.08333333333333333,0.16666666666666666,0.125,0.041666666666666664,0.0,0.08333333333333333,0.0,0.08333333333333333,0.0,0.0,0.0,0.041666666666666664,0.041666666666666664,0.0
18,0.0,0.0,0.0,0.0,0.0,0.08333333333333333,0.0,0.0,0.0,0.08333333333333333,0.0,0.041666666666666664,0.08333333333333333,0.0,0.041666666666666664,0.041666666666666664,0.0,0.0,0.0,0.0,0.0,0.0,0.0,0.0
19,0.0,0.0,0.0,0.0,0.0,0.0,0.041666666666666664,0.0,0.041666666666666664,0.0,0.041666666666666664,0.0,0.0,0.0,0.0,0.0,0.0,0.041666666666666664,0.0,0.0,0.0,0.0,0.0,0.0
20,0.0,0.0,0.0,0.0,0.0,0.08333333333333333,0.041666666666666664,0.0,0.0,0.041666666666666664,0.0,0.0,0.0,0.041666666666666664,0.0,0.0,0.08333333333333333,0.041666666666666664,0.0,0.0,0.0,0.0,0.0,0.0
21,0.0,0.0,0.0,0.0,0.0,0.0,0.08333333333333333,0.0,0.041666666666666664,0.08333333333333333,0.0,0.0,0.125,0.041666666666666664,0.08333333333333333,0.0,0.125,0.041666666666666664,0.0,0.0,0.0,0.0,0.0,0.0
22,0.0,0.0,0.0,0.0,0.0,0.0,0.041666666666666664,0.041666666666666664,0.08333333333333333,0.08333333333333333,0.0,0.041666666666666664,0.041666666666666664,0.125,0.041666666666666664,0.0,0.0,0.0,0.0,0.0,0.0,0.0,0.0,0.0
23,0.0,0.0,0.0,0.0,0.0,0.0,0.0,0.0,0.041666666666666664,0.0,0.0,0.0,0.0,0.0,0.0,0.0,0.0,0.0,0.0,0.0,0.0,0.0,0.0,0.0
24,0.041666666666666664,0.0,0.041666666666666664,0.0,0.041666666666666664,0.041666666666666664,0.125,0.9583333333333334,1.4166666666666667,1.3333333333333333,0.875,0.9583333333333334,1.125,0.9166666666666666,0.7916666666666666,0.9166666666666666,0.9166666666666666,0.8333333333333334,0.5,0.3333333333333333,0.16666666666666666,0.16666666666666666,0.16666666666666666,0.041666666666666664
25,0.041666666666666664,0.0,0.0,0.0,0.041666666666666664,0.0,0.125,0.0,0.08333333333333333,0.08333333333333333,0.041666666666666664,0.3333333333333333,0.20833333333333334,0.08333333333333333,0.0,0.08333333333333333,0.125,0.041666666666666664,0.0,0.041666666666666664,0.041666666666666664,0.0,0.0,0.0
26,0.0,0.0,0.0,0.0,0.0,0.0,0.08333333333333333,0.0,0.0,0.0,0.0,0.0,0.08333333333333333,0.16666666666666666,0.041666666666666664,0.08333333333333333,0.08333333333333333,0.041666666666666664,0.0,0.0,0.0,0.0,0.0,0.0
27,0.0,0.0,0.0,0.0,0.0,0.0,0.0,0.0,0.0,0.0,0.0,0.0,0.0,0.0,0.0,0.0,0.0,0.0,0.0,0.0,0.0,0.0,0.0,0.0
28,0.041666666666666664,0.0,0.0,0.041666666666666664,0.0,0.0,0.041666666666666664,0.125,0.08333333333333333,0.08333333333333333,0.0,0.0,0.041666666666666664,0.0,0.041666666666666664,0.0,0.041666666666666664,0.125,0.0,0.08333333333333333,0.0,0.041666666666666664,0.0,0.0
29,0.0,0.0,0.0,0.0,0.0,0.0,0.125,0.041666666666666664,0.041666666666666664,0.0,0.08333333333333333,0.08333333333333333,0.0,0.041666666666666664,0.08333333333333333,0.041666666666666664,0.041666666666666664,0.041666666666666664,0.0,0.0,0.0,0.0,0.0,0.0
30,0.0,0.0,0.0,0.0,0.0,0.0,0.0,0.0,0.0,0.0,0.0,0.0,0.0,0.0,0.0,0.0,0.0,0.0,0.0,0.0,0.0,0.0,0.0,0.0
31,0.0,0.0,0.0,0.0,0.0,0.0,0.0,0.0,0.0,0.0,0.0,0.041666666666666664,0.0,0.0,0.0,0.041666666666666664,0.0,0.0,0.0,0.0,0.0,0.0,0.0,0.0
32,0.0,0.0,0.0,0.0,0.0,0.0,0.041666666666666664,0.0,0.08333333333333333,0.08333333333333333,0.08333333333333333,0.0,0.041666666666666664,0.041666666666666664,0.0,0.041666666666666664,0.125,0.041666666666666664,0.0,0.0,0.0,0.0,0.0,0.0
33,0.0,0.0,0.0,0.0,0.0,0.0,0.0,0.0,0.25,0.20833333333333334,0.0,0.16666666666666666,0.375,0.3333333333333333,0.08333333333333333,0.16666666666666666,0.125,0.0,0.2916666666666667,0.041666666666666664,0.0,0.0,0.0,0.0
34,0.0,0.0,0.0,0.0,0.0,0.0,0.0,0.0,0.0,0.0,0.0,0.0,0.0,0.0,0.0,0.0,0.0,0.0,0.0,0.0,0.0,0.0,0.0,0.0
35,0.0,0.0,0.0,0.0,0.0,0.125,0.16666666666666666,0.20833333333333334,0.2916666666666667,0.20833333333333334,0.125,0.2916666666666667,0.125,0.125,0.16666666666666666,0.08333333333333333,0.041666666666666664,0.0,0.0,0.0,0.0,0.0,0.0,0.0
36,0.0,0.0,0.0,0.0,0.0,0.041666666666666664,0.041666666666666664,0.0,0.0,0.041666666666666664,0.0,0.041666666666666664,0.041666666666666664,0.0,0.08333333333333333,0.0,0.041666666666666664,0.0,0.0,0.0,0.0,0.0,0.0,0.0
37,0.0,0.0,0.041666666666666664,0.0,0.0,0.041666666666666664,0.08333333333333333,0.0,0.041666666666666664,0.125,0.041666666666666664,0.0,0.16666666666666666,0.0,0.08333333333333333,0.08333333333333333,0.0,0.041666666666666664,0.0,0.0,0.041666666666666664,0.0,0.0,0.0
38,0.0,0.0,0.0,0.0,0.041666666666666664,0.0,0.041666666666666664,0.08333333333333333,0.0,0.0,0.0,0.08333333333333333,0.0,0.0,0.0,0.0,0.0,0.0,0.0,0.0,0.0,0.0,0.0,0.0
39,0.0,0.0,0.0,0.0,0.125,0.20833333333333334,0.3333333333333333,0.375,0.2916666666666667,0.041666666666666664,0.041666666666666664,0.08333333333333333,0.041666666666666664,0.08333333333333333,0.0,0.08333333333333333,0.0,0.041666666666666664,0.0,0.041666666666666664,0.0,0.0,0.0,0.0
40,0.041666666666666664,0.0,0.0,0.0,0.0,0.041666666666666664,0.08333333333333333,0.041666666666666664,0.08333333333333333,0.08333333333333333,0.041666666666666664,0.041666666666666664,0.0,0.041666666666666664,0.041666666666666664,0.041666666666666664,0.041666666666666664,0.041666666666666664,0.0,0.0,0.0,0.0,0.0,0.0
41,0.20833333333333334,0.0,0.041666666666666664,0.041666666666666664,0.0,0.125,0.3333333333333333,0.875,1.6666666666666667,0.8333333333333334,0.5416666666666666,0.8333333333333334,0.5416666666666666,1.125,0.7083333333333334,1.375,1.0,0.625,0.5,0.25,0.16666666666666666,0.20833333333333334,0.08333333333333333,0.0
42,0.0,0.08333333333333333,0.08333333333333333,0.0,0.041666666666666664,0.041666666666666664,0.375,0.625,0.75,0.20833333333333334,0.625,0.3333333333333333,0.4583333333333333,0.2916666666666667,0.625,0.75,0.3333333333333333,0.2916666666666667,0.125,0.16666666666666666,0.041666666666666664,0.041666666666666664,0.08333333333333333,0.0
43,0.25,0.125,0.0,0.0,0.041666666666666664,0.0,0.7083333333333334,2.0416666666666665,3.4166666666666665,4.25,4.958333333333333,9.041666666666666,10.083333333333334,10.375,12.583333333333334,12.125,10.916666666666666,9.0,2.375,2.125,2.125,1.0833333333333333,0.2916666666666667,0.4583333333333333
44,0.0,0.0,0.0,0.0,0.0,0.0,0.0,0.0,0.0,0.0,0.0,0.0,0.0,0.0,0.0,0.0,0.0,0.0,0.0,0.0,0.0,0.0,0.0,0.0
45,0.125,0.0,0.0,0.041666666666666664,0.0,0.0,0.0,0.125,0.16666666666666666,0.3333333333333333,0.625,0.5833333333333334,0.5833333333333334,0.9166666666666666,1.2916666666666667,0.9583333333333334,1.0,0.625,0.3333333333333333,0.125,0.20833333333333334,0.375,0.16666666666666666,0.125
46,0.0,0.0,0.0,0.0,0.0,0.0,0.0,0.0,0.0,0.0,0.0,0.0,0.0,0.0,0.0,0.041666666666666664,0.0,0.0,0.0,0.0,0.0,0.0,0.0,0.0
47,0.0,0.0,0.0,0.0,0.0,0.08333333333333333,0.041666666666666664,0.041666666666666664,0.0,0.041666666666666664,0.041666666666666664,0.0,0.0,0.041666666666666664,0.0,0.08333333333333333,0.041666666666666664,0.0,0.041666666666666664,0.0,0.0,0.0,0.0,0.0
48,2.625,1.9583333333333333,1.3333333333333333,0.9583333333333334,1.2916666666666667,3.0833333333333335,6.791666666666667,7.791666666666667,7.625,8.333333333333334,7.125,7.25,7.625,7.083333333333333,6.333333333333333,6.958333333333333,8.041666666666666,8.666666666666666,4.541666666666667,3.6666666666666665,3.7916666666666665,5.791666666666667,3.125,3.1666666666666665
49,0.0,0.0,0.0,0.0,0.0,0.041666666666666664,0.0,0.041666666666666664,0.041666666666666664,0.08333333333333333,0.0,0.041666666666666664,0.08333333333333333,0.16666666666666666,0.08333333333333333,0.041666666666666664,0.125,0.08333333333333333,0.041666666666666664,0.041666666666666664,0.0,0.041666666666666664,0.0,0.0
50,0.4166666666666667,0.08333333333333333,0.125,0.20833333333333334,0.20833333333333334,0.16666666666666666,0.5,2.25,4.625,4.75,4.708333333333333,3.0416666666666665,2.125,2.0833333333333335,2.2083333333333335,2.2083333333333335,1.875,1.7083333333333333,0.7083333333333334,0.2916666666666667,0.7083333333333334,0.75,0.2916666666666667,0.16666666666666666
51,0.0,0.0,0.0,0.0,0.16666666666666666,0.0,0.20833333333333334,0.08333333333333333,0.041666666666666664,0.125,0.125,0.041666666666666664,0.041666666666666664,0.125,0.041666666666666664,0.041666666666666664,0.041666666666666664,0.041666666666666664,0.041666666666666664,0.0,0.0,0.0,0.0,0.0
52,0.0,0.0,0.0,0.0,0.0,0.0,0.0,0.125,0.125,0.08333333333333333,0.125,0.08333333333333333,0.041666666666666664,0.041666666666666664,0.041666666666666664,0.0,0.041666666666666664,0.041666666666666664,0.0,0.0,0.0,0.0,0.0,0.0
53,0.0,0.0,0.0,0.0,0.0,0.0,0.0,0.0,0.0,0.0,0.0,0.0,0.08333333333333333,0.0,0.0,0.0,0.0,0.0,0.0,0.0,0.0,0.041666666666666664,0.0,0.0
54,0.0,0.0,0.0,0.0,0.0,0.0,0.0,0.0,0.0,0.0,0.0,0.0,0.0,0.0,0.041666666666666664,0.0,0.0,0.0,0.0,0.0,0.0,0.0,0.0,0.0
55,0.0,0.0,0.0,0.0,0.0,0.041666666666666664,0.08333333333333333,0.20833333333333334,0.125,0.08333333333333333,0.16666666666666666,0.08333333333333333,0.08333333333333333,0.125,0.041666666666666664,0.0,0.041666666666666664,0.041666666666666664,0.0,0.041666666666666664,0.0,0.0,0.0,0.0
56,0.0,0.0,0.0,0.0,0.0,0.041666666666666664,0.0,0.08333333333333333,0.0,0.0,0.0,0.041666666666666664,0.041666666666666664,0.0,0.041666666666666664,0.041666666666666664,0.041666666666666664,0.0,0.041666666666666664,0.0,0.0,0.0,0.0,0.0
57,0.0,0.0,0.0,0.0,0.0,0.0,0.0,0.0,0.0,0.0,0.0,0.0,0.0,0.0,0.0,0.0,0.0,0.0,0.0,0.0,0.0,0.0,0.0,0.0
58,0.0,0.0,0.0,0.0,0.0,0.0,0.0,0.0,0.0,0.0,0.0,0.0,0.0,0.0,0.0,0.0,0.0,0.0,0.0,0.0,0.0,0.0,0.0,0.0
59,0.0,0.0,0.0,0.0,0.0,0.0,0.0,0.0,0.0,0.0,0.0,0.0,0.0,0.0,0.0,0.0,0.0,0.0,0.0,0.0,0.0,0.0,0.0,0.0
60,0.0,0.0,0.0,0.0,0.0,0.0,0.0,0.0,0.0,0.041666666666666664,0.0,0.041666666666666664,0.0,0.0,0.0,0.0,0.0,0.0,0.0,0.0,0.0,0.0,0.0,0.0
61,0.0,0.0,0.041666666666666664,0.0,0.041666666666666664,0.125,0.20833333333333334,0.08333333333333333,0.125,0.16666666666666666,0.20833333333333334,0.16666666666666666,0.3333333333333333,0.20833333333333334,0.041666666666666664,0.16666666666666666,0.08333333333333333,0.08333333333333333,0.041666666666666664,0.0,0.0,0.0,0.0,0.0
62,0.0,0.0,0.0,0.0,0.041666666666666664,0.041666666666666664,0.125,0.20833333333333334,0.08333333333333333,0.08333333333333333,0.041666666666666664,0.041666666666666664,0.08333333333333333,0.041666666666666664,0.0,0.041666666666666664,0.041666666666666664,0.0,0.0,0.0,0.0,0.0,0.0,0.0
63,0.0,0.0,0.0,0.0,0.0,0.0,0.041666666666666664,0.125,0.041666666666666664,0.0,0.08333333333333333,0.125,0.041666666666666664,0.041666666666666664,0.0,0.08333333333333333,0.08333333333333333,0.0,0.0,0.0,0.0,0.0,0.0,0.0
64,0.0,0.0,0.0,0.0,0.0,0.0,0.0,0.0,0.041666666666666664,0.0,0.0,0.0,0.0,0.0,0.0,0.0,0.0,0.0,0.0,0.0,0.0,0.041666666666666664,0.0,0.0
65,0.0,0.041666666666666664,0.0,0.0,0.0,0.0,0.041666666666666664,0.20833333333333334,0.20833333333333334,0.16666666666666666,0.25,0.2916666666666667,0.20833333333333334,0.16666666666666666,0.20833333333333334,0.25,0.375,0.2916666666666667,0.125,0.16666666666666666,0.125,0.0,0.0,0.041666666666666664
66,0.041666666666666664,0.0,0.0,0.0,0.0,0.0,0.0,0.041666666666666664,0.125,0.0,0.041666666666666664,0.0,0.20833333333333334,0.2916666666666667,0.4166666666666667,0.25,0.25,0.25,0.16666666666666666,0.041666666666666664,0.08333333333333333,0.0,0.041666666666666664,0.0
67,0.0,0.0,0.0,0.0,0.0,0.0,0.08333333333333333,0.041666666666666664,0.0,0.0,0.0,0.041666666666666664,0.0,0.0,0.0,0.0,0.0,0.0,0.0,0.0,0.041666666666666664,0.041666666666666664,0.0,0.0
68,1.4166666666666667,1.1666666666666667,0.3333333333333333,0.4583333333333333,0.3333333333333333,0.6666666666666666,1.0,3.4166666666666665,4.791666666666667,6.291666666666667,6.791666666666667,8.625,10.833333333333334,11.541666666666666,11.75,12.125,8.625,10.625,5.916666666666667,5.291666666666667,4.625,4.833333333333333,2.5833333333333335,2.3333333333333335
69,0.0,0.0,0.0,0.0,0.0,0.20833333333333334,0.125,0.16666666666666666,0.041666666666666664,0.08333333333333333,0.16666666666666666,0.08333333333333333,0.08333333333333333,0.08333333333333333,0.041666666666666664,0.0,0.041666666666666664,0.0,0.041666666666666664,0.0,0.0,0.0,0.0,0.0
70,1.4166666666666667,0.16666666666666666,0.125,0.041666666666666664,0.125,0.16666666666666666,0.041666666666666664,0.75,1.125,1.2083333333333333,2.25,2.9583333333333335,1.9583333333333333,2.2083333333333335,1.5416666666666667,0.7083333333333334,3.125,4.125,0.4583333333333333,1.125,1.5,0.5833333333333334,1.0833333333333333,0.5833333333333334
71,0.0,0.0,0.0,0.0,0.0,0.041666666666666664,0.08333333333333333,0.08333333333333333,0.25,0.125,0.08333333333333333,0.125,0.125,0.041666666666666664,0.041666666666666664,0.125,0.0,0.0,0.0,0.0,0.0,0.0,0.0,0.041666666666666664
72,0.0,0.0,0.0,0.0,0.0,0.20833333333333334,0.041666666666666664,0.20833333333333334,0.125,0.20833333333333334,0.125,0.125,0.25,0.125,0.041666666666666664,0.041666666666666664,0.0,0.0,0.0,0.0,0.0,0.0,0.041666666666666664,0.0
73,0.0,0.0,0.0,0.0,0.0,0.041666666666666664,0.0,0.041666666666666664,0.0,0.0,0.0,0.0,0.0,0.0,0.0,0.0,0.0,0.0,0.0,0.0,0.0,0.0,0.0,0.0
74,0.125,0.0,0.125,0.041666666666666664,0.08333333333333333,0.16666666666666666,0.5,0.9583333333333334,1.0416666666666667,0.75,0.9166666666666666,0.625,0.7916666666666666,0.9166666666666666,1.0833333333333333,0.8333333333333334,1.0416666666666667,0.6666666666666666,0.3333333333333333,0.25,0.125,0.20833333333333334,0.20833333333333334,0.041666666666666664
75,0.3333333333333333,0.08333333333333333,0.08333333333333333,0.0,0.08333333333333333,0.4166666666666667,0.7916666666666666,2.0416666666666665,2.7916666666666665,2.6666666666666665,2.8333333333333335,3.2916666666666665,3.125,2.9583333333333335,3.875,3.5416666666666665,2.5416666666666665,2.75,1.375,0.5833333333333334,0.2916666666666667,0.4583333333333333,0.5833333333333334,0.2916666666666667
76,0.0,0.041666666666666664,0.0,0.0,0.041666666666666664,0.08333333333333333,0.125,0.3333333333333333,0.25,0.20833333333333334,0.08333333333333333,0.0,0.20833333333333334,0.2916666666666667,0.125,0.041666666666666664,0.08333333333333333,0.20833333333333334,0.08333333333333333,0.0,0.0,0.0,0.0,0.0
77,0.0,0.0,0.0,0.0,0.0,0.041666666666666664,0.041666666666666664,0.16666666666666666,0.041666666666666664,0.16666666666666666,0.08333333333333333,0.041666666666666664,0.16666666666666666,0.041666666666666664,0.0,0.0,0.041666666666666664,0.08333333333333333,0.0,0.0,0.0,0.0,0.0,0.0
78,0.0,0.0,0.0,0.0,0.0,0.0,0.0,0.041666666666666664,0.041666666666666664,0.08333333333333333,0.041666666666666664,0.08333333333333333,0.0,0.125,0.0,0.0,0.041666666666666664,0.041666666666666664,0.0,0.0,0.0,0.0,0.0,0.0
79,2.3333333333333335,1.625,1.8333333333333333,0.75,0.4166666666666667,0.375,1.125,2.1666666666666665,3.2916666666666665,4.208333333333333,3.5833333333333335,3.0833333333333335,3.7916666666666665,4.125,4.708333333333333,4.416666666666667,4.125,4.583333333333333,2.4583333333333335,2.0833333333333335,2.4166666666666665,3.1666666666666665,2.5833333333333335,1.8333333333333333
80,0.041666666666666664,0.041666666666666664,0.0,0.0,0.0,0.0,0.0,0.08333333333333333,0.041666666666666664,0.041666666666666664,0.041666666666666664,0.08333333333333333,0.0,0.041666666666666664,0.0,0.0,0.0,0.041666666666666664,0.0,0.125,0.0,0.0,0.0,0.0
81,0.0,0.0,0.0,0.041666666666666664,0.0,0.0,0.0,0.0,0.0,0.08333333333333333,0.0,0.0,0.041666666666666664,0.08333333333333333,0.0,0.0,0.0,0.0,0.0,0.0,0.0,0.0,0.0,0.0
82,0.125,0.0,0.0,0.0,0.125,0.0,0.08333333333333333,0.041666666666666664,0.041666666666666664,0.041666666666666664,0.125,0.08333333333333333,0.125,0.041666666666666664,0.0,0.125,0.25,0.041666666666666664,0.0,0.041666666666666664,0.0,0.041666666666666664,0.041666666666666664,0.0
83,0.0,0.0,0.0,0.0,0.0,0.0,0.0,0.0,0.041666666666666664,0.0,0.0,0.0,0.08333333333333333,0.0,0.0,0.0,0.125,0.0,0.0,0.0,0.0,0.0,0.0,0.0
84,0.0,0.0,0.0,0.0,0.0,0.0,0.0,0.0,0.0,0.0,0.0,0.0,0.0,0.0,0.0,0.0,0.0,0.0,0.0,0.0,0.0,0.0,0.0,0.0
85,0.0,0.0,0.0,0.041666666666666664,0.0,0.0,0.041666666666666664,0.041666666666666664,0.0,0.16666666666666666,0.0,0.125,0.0,0.125,0.08333333333333333,0.0,0.041666666666666664,0.0,0.0,0.0,0.0,0.0,0.0,0.0
86,0.0,0.041666666666666664,0.0,0.0,0.0,0.125,0.08333333333333333,0.041666666666666664,0.041666666666666664,0.0,0.041666666666666664,0.041666666666666664,0.125,0.041666666666666664,0.0,0.0,0.0,0.041666666666666664,0.0,0.0,0.0,0.0,0.0,0.0
87,0.041666666666666664,0.08333333333333333,0.08333333333333333,0.0,0.125,0.0,0.3333333333333333,0.4583333333333333,0.8333333333333334,0.9583333333333334,1.0416666666666667,2.0,1.5833333333333333,1.7083333333333333,1.8333333333333333,1.6666666666666667,1.7916666666666667,2.5416666666666665,1.2916666666666667,0.625,0.4583333333333333,0.2916666666666667,0.16666666666666666,0.3333333333333333
88,0.041666666666666664,0.08333333333333333,0.0,0.0,0.0,0.08333333333333333,0.08333333333333333,0.16666666666666666,0.3333333333333333,0.3333333333333333,0.625,1.25,1.375,1.4166666666666667,2.7083333333333335,2.0833333333333335,2.2916666666666665,2.0,0.7083333333333334,0.625,0.125,0.20833333333333334,0.2916666666666667,0.041666666666666664
89,0.0,0.0,0.0,0.0,0.0,0.08333333333333333,0.25,0.20833333333333334,0.125,0.16666666666666666,0.08333333333333333,0.16666666666666666,0.16666666666666666,0.125,0.08333333333333333,0.16666666666666666,0.041666666666666664,0.16666666666666666,0.08333333333333333,0.0,0.0,0.0,0.0,0.0
90,1.2083333333333333,0.6666666666666666,0.20833333333333334,0.2916666666666667,0.16666666666666666,0.16666666666666666,0.9166666666666666,2.25,3.7083333333333335,4.333333333333333,4.833333333333333,4.291666666666667,4.25,4.5,5.583333333333333,5.291666666666667,5.916666666666667,5.958333333333333,2.3333333333333335,2.5833333333333335,2.4583333333333335,2.25,1.125,0.75
91,0.0,0.0,0.0,0.0,0.041666666666666664,0.08333333333333333,0.125,0.20833333333333334,0.041666666666666664,0.0,0.041666666666666664,0.125,0.041666666666666664,0.08333333333333333,0.041666666666666664,0.08333333333333333,0.0,0.041666666666666664,0.0,0.0,0.0,0.0,0.0,0.0
92,0.0,0.0,0.0,0.0,0.0,0.041666666666666664,0.0,0.0,0.041666666666666664,0.08333333333333333,0.0,0.08333333333333333,0.041666666666666664,0.041666666666666664,0.041666666666666664,0.0,0.0,0.0,0.041666666666666664,0.041666666666666664,0.0,0.0,0.0,0.0
93,0.041666666666666664,0.0,0.0,0.0,0.0,0.08333333333333333,0.041666666666666664,0.0,0.0,0.08333333333333333,0.0,0.0,0.0,0.0,0.041666666666666664,0.08333333333333333,0.08333333333333333,0.0,0.041666666666666664,0.0,0.0,0.041666666666666664,0.041666666666666664,0.0
94,0.0,0.0,0.0,0.0,0.0,0.041666666666666664,0.0,0.0,0.0,0.0,0.0,0.0,0.0,0.041666666666666664,0.0,0.0,0.0,0.0,0.0,0.0,0.0,0.0,0.0,0.0
95,0.0,0.041666666666666664,0.0,0.0,0.041666666666666664,0.125,0.16666666666666666,0.08333333333333333,0.08333333333333333,0.08333333333333333,0.125,0.041666666666666664,0.08333333333333333,0.25,0.16666666666666666,0.08333333333333333,0.125,0.041666666666666664,0.0,0.0,0.0,0.0,0.041666666666666664,0.0
96,0.0,0.0,0.0,0.0,0.0,0.0,0.0,0.0,0.0,0.0,0.0,0.0,0.0,0.0,0.0,0.0,0.0,0.0,0.0,0.0,0.0,0.0,0.0,0.0
97,0.0,0.041666666666666664,0.0,0.041666666666666664,0.0,0.0,0.20833333333333334,0.041666666666666664,0.125,0.3333333333333333,0.2916666666666667,0.25,0.08333333333333333,0.0,0.08333333333333333,0.125,0.25,0.041666666666666664,0.08333333333333333,0.041666666666666664,0.0,0.0,0.0,0.08333333333333333
98,0.0,0.0,0.0,0.0,0.0,0.041666666666666664,0.0,0.0,0.0,0.0,0.041666666666666664,0.0,0.041666666666666664,0.125,0.0,0.0,0.0,0.0,0.0,0.0,0.0,0.0,0.0,0.0
99,0.0,0.0,0.0,0.0,0.0,0.0,0.0,0.0,0.0,0.0,0.0,0.0,0.0,0.0,0.0,0.0,0.0,0.0,0.0,0.0,0.0,0.0,0.0,0.0
100,1.2083333333333333,1.0,0.5,0.4583333333333333,0.4583333333333333,4.0,6.416666666666667,5.458333333333333,5.0,4.666666666666667,5.208333333333333,5.791666666666667,6.25,5.958333333333333,6.625,6.291666666666667,7.0,7.791666666666667,3.5416666666666665,2.875,2.5833333333333335,2.8333333333333335,1.7083333333333333,1.0833333333333333
101,0.0,0.0,0.0,0.0,0.0,0.0,0.0,0.0,0.0,0.0,0.0,0.0,0.0,0.0,0.0,0.0,0.0,0.0,0.0,0.0,0.0,0.0,0.0,0.0
102,0.0,0.0,0.0,0.0,0.0,0.0,0.0,0.0,0.0,0.0,0.0,0.041666666666666664,0.0,0.0,0.0,0.0,0.0,0.0,0.0,0.0,0.0,0.0,0.0,0.0
103,0.0,0.0,0.0,0.0,0.0,0.0,0.0,0.0,0.0,0.0,0.0,0.0,0.0,0.0,0.0,0.0,0.0,0.0,0.0,0.0,0.0,0.0,0.0,0.0
104,0.0,0.0,0.0,0.0,0.0,0.0,0.0,0.0,0.0,0.0,0.0,0.0,0.0,0.0,0.0,0.0,0.0,0.0,0.0,0.0,0.0,0.0,0.0,0.0
105,0.0,0.0,0.0,0.0,0.0,0.0,0.0,0.0,0.0,0.0,0.0,0.0,0.0,0.0,0.0,0.0,0.0,0.0,0.0,0.0,0.0,0.0,0.0,0.0
106,0.041666666666666664,0.0,0.0,0.0,0.0,0.0,0.0,0.0,0.0,0.0,0.0,0.0,0.0,0.0,0.0,0.041666666666666664,0.041666666666666664,0.0,0.0,0.0,0.0,0.0,0.0,0.0
107,0.8333333333333334,0.6666666666666666,0.16666666666666666,0.08333333333333333,0.25,0.75,2.25,6.166666666666667,7.75,8.166666666666666,5.541666666666667,7.083333333333333,5.791666666666667,6.625,6.375,6.958333333333333,6.5,6.333333333333333,3.6666666666666665,2.2916666666666665,2.125,1.4166666666666667,1.2916666666666667,0.75
108,0.0,0.0,0.0,0.0,0.0,0.041666666666666664,0.041666666666666664,0.16666666666666666,0.0,0.0,0.041666666666666664,0.041666666666666664,0.0,0.041666666666666664,0.0,0.0,0.0,0.0,0.041666666666666664,0.0,0.0,0.0,0.0,0.0
109,0.0,0.0,0.0,0.0,0.0,0.0,0.0,0.0,0.0,0.0,0.0,0.0,0.0,0.0,0.0,0.0,0.0,0.0,0.0,0.0,0.0,0.0,0.0,0.0
110,0.0,0.0,0.0,0.0,0.0,0.0,0.0,0.0,0.0,0.0,0.0,0.0,0.0,0.0,0.0,0.0,0.0,0.0,0.0,0.0,0.0,0.0,0.0,0.0
111,0.0,0.0,0.0,0.0,0.0,0.0,0.0,0.0,0.0,0.0,0.0,0.0,0.0,0.0,0.0,0.0,0.0,0.0,0.0,0.0,0.0,0.0,0.0,0.0
112,0.0,0.0,0.041666666666666664,0.0,0.0,0.0,0.08333333333333333,0.0,0.0,0.0,0.041666666666666664,0.0,0.041666666666666664,0.0,0.0,0.0,0.0,0.0,0.0,0.041666666666666664,0.0,0.0,0.0,0.0
113,0.2916666666666667,0.375,0.125,0.125,0.041666666666666664,0.16666666666666666,0.9166666666666666,1.9166666666666667,3.375,3.6666666666666665,3.8333333333333335,3.9583333333333335,4.083333333333333,4.625,5.75,4.583333333333333,5.916666666666667,4.75,2.5416666666666665,2.7083333333333335,2.375,2.1666666666666665,1.0833333333333333,0.9166666666666666
114,2.5416666666666665,1.2083333333333333,0.4583333333333333,0.25,0.125,0.16666666666666666,0.25,0.7083333333333334,1.125,1.1666666666666667,1.375,1.6666666666666667,1.8333333333333333,2.375,2.625,3.125,2.375,3.25,2.5833333333333335,1.5833333333333333,1.6666666666666667,2.0416666666666665,1.7916666666666667,1.9166666666666667
115,0.0,0.0,0.0,0.0,0.0,0.0,0.0,0.0,0.0,0.0,0.0,0.0,0.0,0.0,0.0,0.0,0.0,0.0,0.0,0.0,0.0,0.0,0.0,0.0
116,0.041666666666666664,0.041666666666666664,0.0,0.0,0.0,0.041666666666666664,0.25,0.5,0.625,0.4166666666666667,0.20833333333333334,0.4583333333333333,0.25,0.16666666666666666,0.125,0.16666666666666666,0.25,0.20833333333333334,0.041666666666666664,0.0,0.041666666666666664,0.041666666666666664,0.08333333333333333,0.125
117,0.0,0.0,0.0,0.0,0.0,0.0,0.16666666666666666,0.0,0.08333333333333333,0.041666666666666664,0.08333333333333333,0.08333333333333333,0.08333333333333333,0.041666666666666664,0.041666666666666664,0.041666666666666664,0.0,0.0,0.0,0.0,0.041666666666666664,0.0,0.0,0.0
118,0.0,0.0,0.0,0.0,0.0,0.0,0.0,0.0,0.0,0.0,0.0,0.0,0.0,0.0,0.0,0.0,0.0,0.0,0.0,0.0,0.0,0.0,0.0,0.0
119,0.0,0.0,0.0,0.0,0.0,0.125,0.0,0.041666666666666664,0.125,0.08333333333333333,0.041666666666666664,0.0,0.041666666666666664,0.0,0.0,0.0,0.041666666666666664,0.0,0.041666666666666664,0.0,0.0,0.0,0.0,0.0
120,0.0,0.0,0.0,0.0,0.0,0.0,0.0,0.0,0.0,0.0,0.0,0.0,0.0,0.0,0.0,0.0,0.0,0.0,0.0,0.0,0.0,0.0,0.0,0.0
121,0.0,0.0,0.0,0.0,0.08333333333333333,0.0,0.041666666666666664,0.041666666666666664,0.08333333333333333,0.041666666666666664,0.041666666666666664,0.0,0.0,0.125,0.041666666666666664,0.041666666666666664,0.041666666666666664,0.0,0.0,0.0,0.0,0.0,0.0,0.0
122,0.0,0.0,0.0,0.0,0.0,0.0,0.041666666666666664,0.0,0.0,0.041666666666666664,0.0,0.0,0.0,0.041666666666666664,0.041666666666666664,0.0,0.0,0.0,0.0,0.0,0.0,0.0,0.0,0.0
123,0.0,0.0,0.0,0.0,0.0,0.0,0.0,0.0,0.041666666666666664,0.08333333333333333,0.041666666666666664,0.041666666666666664,0.041666666666666664,0.041666666666666664,0.041666666666666664,0.0,0.0,0.041666666666666664,0.041666666666666664,0.0,0.0,0.0,0.041666666666666664,0.0
124,0.0,0.0,0.0,0.0,0.0,0.041666666666666664,0.0,0.0,0.0,0.041666666666666664,0.041666666666666664,0.0,0.041666666666666664,0.0,0.0,0.041666666666666664,0.0,0.0,0.0,0.0,0.0,0.0,0.0,0.08333333333333333
125,0.20833333333333334,0.08333333333333333,0.16666666666666666,0.0,0.041666666666666664,0.0,0.041666666666666664,0.7916666666666666,1.0,1.0833333333333333,1.625,1.3333333333333333,1.1666666666666667,1.4583333333333333,1.625,1.125,1.3333333333333333,1.75,0.8333333333333334,0.6666666666666666,0.5833333333333334,0.4166666666666667,0.4166666666666667,0.3333333333333333
126,0.0,0.0,0.0,0.0,0.0,0.0,0.0,0.0,0.0,0.08333333333333333,0.0,0.0,0.041666666666666664,0.0,0.0,0.041666666666666664,0.0,0.0,0.0,0.0,0.0,0.0,0.0,0.0
127,0.0,0.0,0.0,0.0,0.0,0.041666666666666664,0.0,0.041666666666666664,0.08333333333333333,0.041666666666666664,0.08333333333333333,0.08333333333333333,0.08333333333333333,0.0,0.25,0.0,0.041666666666666664,0.041666666666666664,0.0,0.08333333333333333,0.0,0.0,0.041666666666666664,0.0
128,0.0,0.0,0.0,0.0,0.0,0.0,0.0,0.0,0.041666666666666664,0.0,0.0,0.041666666666666664,0.0,0.0,0.0,0.0,0.0,0.0,0.0,0.0,0.0,0.0,0.0,0.0
129,0.125,0.0,0.0,0.08333333333333333,0.0,0.041666666666666664,0.125,0.041666666666666664,0.16666666666666666,0.041666666666666664,0.041666666666666664,0.0,0.125,0.041666666666666664,0.125,0.125,0.0,0.125,0.08333333333333333,0.0,0.0,0.041666666666666664,0.041666666666666664,0.041666666666666664
130,0.125,0.041666666666666664,0.0,0.0,0.0,0.041666666666666664,0.16666666666666666,0.20833333333333334,0.041666666666666664,0.0,0.08333333333333333,0.041666666666666664,0.041666666666666664,0.08333333333333333,0.125,0.08333333333333333,0.20833333333333334,0.16666666666666666,0.0,0.0,0.0,0.08333333333333333,0.08333333333333333,0.0
131,0.0,0.0,0.0,0.0,0.0,0.0,0.08333333333333333,0.041666666666666664,0.041666666666666664,0.041666666666666664,0.0,0.0,0.0,0.0,0.0,0.0,0.0,0.0,0.0,0.0,0.0,0.0,0.0,0.0
132,19.875,5.958333333333333,2.7916666666666665,3.5833333333333335,2.7083333333333335,10.416666666666666,19.708333333333332,22.625,15.166666666666666,14.0,18.25,15.75,17.25,24.791666666666668,26.25,30.958333333333332,31.708333333333332,25.75,13.666666666666666,18.833333333333332,14.125,17.125,16.375,17.5
133,0.0,0.0,0.0,0.0,0.0,0.0,0.0,0.0,0.0,0.0,0.0,0.125,0.041666666666666664,0.0,0.041666666666666664,0.0,0.0,0.0,0.041666666666666664,0.0,0.0,0.0,0.0,0.0
134,0.041666666666666664,0.0,0.041666666666666664,0.0,0.0,0.0,0.0,0.08333333333333333,0.041666666666666664,0.0,0.041666666666666664,0.08333333333333333,0.041666666666666664,0.041666666666666664,0.08333333333333333,0.041666666666666664,0.041666666666666664,0.0,0.041666666666666664,0.0,0.0,0.0,0.0,0.0
135,0.041666666666666664,0.0,0.0,0.0,0.0,0.041666666666666664,0.08333333333333333,0.041666666666666664,0.0,0.0,0.0,0.0,0.041666666666666664,0.041666666666666664,0.0,0.0,0.0,0.041666666666666664,0.0,0.0,0.0,0.0,0.0,0.0
136,0.0,0.0,0.0,0.0,0.0,0.0,0.0,0.0,0.041666666666666664,0.0,0.0,0.041666666666666664,0.0,0.0,0.0,0.08333333333333333,0.041666666666666664,0.0,0.0,0.0,0.0,0.0,0.0,0.0
137,0.7083333333333334,0.6666666666666666,0.3333333333333333,0.2916666666666667,0.20833333333333334,0.5,0.9166666666666666,2.7916666666666665,3.25,3.9166666666666665,4.25,3.875,3.7083333333333335,3.875,4.583333333333333,6.166666666666667,5.541666666666667,4.708333333333333,2.3333333333333335,1.7916666666666667,1.0,1.2916666666666667,0.625,0.5833333333333334
138,10.625,1.4166666666666667,0.5,0.041666666666666664,0.20833333333333334,0.08333333333333333,0.8333333333333334,2.25,8.0,16.125,17.625,15.166666666666666,14.166666666666666,11.375,16.708333333333332,17.375,18.875,18.541666666666668,9.75,8.375,8.666666666666666,5.666666666666667,6.416666666666667,8.208333333333334
139,0.0,0.0,0.0,0.0,0.0,0.16666666666666666,0.0,0.041666666666666664,0.0,0.0,0.041666666666666664,0.041666666666666664,0.0,0.041666666666666664,0.0,0.041666666666666664,0.041666666666666664,0.0,0.0,0.0,0.0,0.0,0.0,0.0
140,0.625,0.25,0.3333333333333333,0.4583333333333333,0.08333333333333333,0.5416666666666666,2.3333333333333335,6.625,9.708333333333334,10.375,11.583333333333334,10.75,11.166666666666666,11.25,12.291666666666666,12.625,13.208333333333334,11.375,5.041666666666667,4.041666666666667,2.5416666666666665,1.8333333333333333,0.875,0.4583333333333333
141,1.4166666666666667,0.5,0.20833333333333334,0.25,0.4166666666666667,0.9166666666666666,2.9166666666666665,6.166666666666667,9.083333333333334,8.541666666666666,9.25,9.666666666666666,10.916666666666666,12.25,11.041666666666666,11.666666666666666,8.333333333333334,9.625,4.375,3.25,3.3333333333333335,2.5833333333333335,1.8333333333333333,1.0416666666666667
142,0.7916666666666666,0.6666666666666666,0.25,0.041666666666666664,0.25,0.4166666666666667,1.7916666666666667,5.625,9.208333333333334,9.625,10.041666666666666,10.375,11.5,11.583333333333334,12.166666666666666,12.0,12.791666666666666,13.583333333333334,7.958333333333333,5.291666666666667,4.291666666666667,3.9166666666666665,9.0,1.7916666666666667
143,0.2916666666666667,0.08333333333333333,0.125,0.0,0.041666666666666664,0.25,0.9166666666666666,3.4166666666666665,5.416666666666667,5.083333333333333,3.9583333333333335,4.791666666666667,5.375,5.458333333333333,4.375,5.5,4.916666666666667,4.166666666666667,1.2916666666666667,1.2916666666666667,1.0833333333333333,0.9583333333333334,0.75,0.25
144,0.5833333333333334,0.25,0.08333333333333333,0.041666666666666664,0.041666666666666664,0.0,0.16666666666666666,0.4166666666666667,0.5416666666666666,1.0833333333333333,0.9583333333333334,1.625,2.5,2.5,3.7083333333333335,3.9583333333333335,4.75,4.75,3.0833333333333335,1.9583333333333333,2.0833333333333335,1.4583333333333333,1.25,0.9166666666666666
145,0.0,0.0,0.0,0.08333333333333333,0.041666666666666664,0.0,0.08333333333333333,0.2916666666666667,0.20833333333333334,0.25,0.4166666666666667,0.4166666666666667,0.20833333333333334,0.4166666666666667,0.4583333333333333,0.5416666666666666,0.5,0.08333333333333333,0.08333333333333333,0.041666666666666664,0.08333333333333333,0.041666666666666664,0.08333333333333333,0.08333333333333333
146,0.0,0.0,0.0,0.0,0.08333333333333333,0.0,0.2916666666666667,0.0,0.125,0.125,0.16666666666666666,0.25,0.125,0.125,0.16666666666666666,0.16666666666666666,0.16666666666666666,0.125,0.041666666666666664,0.0,0.041666666666666664,0.041666666666666664,0.041666666666666664,0.041666666666666664
147,0.0,0.0,0.0,0.0,0.0,0.0,0.0,0.0,0.041666666666666664,0.0,0.041666666666666664,0.0,0.0,0.041666666666666664,0.0,0.0,0.0,0.0,0.0,0.0,0.0,0.0,0.0,0.0
148,0.5,0.75,0.25,0.125,0.16666666666666666,0.25,0.125,0.5833333333333334,0.5833333333333334,1.0416666666666667,1.4166666666666667,1.0833333333333333,1.1666666666666667,1.6666666666666667,1.6666666666666667,2.0416666666666665,2.0,2.2083333333333335,1.0416666666666667,0.9583333333333334,1.5416666666666667,1.0,0.9583333333333334,1.2083333333333333
149,0.0,0.0,0.0,0.0,0.0,0.0,0.041666666666666664,0.041666666666666664,0.0,0.0,0.0,0.041666666666666664,0.041666666666666664,0.041666666666666664,0.08333333333333333,0.0,0.0,0.0,0.0,0.0,0.0,0.0,0.0,0.0
150,0.0,0.0,0.041666666666666664,0.0,0.0,0.0,0.0,0.0,0.08333333333333333,0.0,0.0,0.041666666666666664,0.08333333333333333,0.0,0.08333333333333333,0.0,0.0,0.0,0.0,0.041666666666666664,0.0,0.0,0.0,0.0
151,0.16666666666666666,0.125,0.125,0.08333333333333333,0.08333333333333333,0.25,0.8333333333333334,2.875,3.9166666666666665,3.125,3.0833333333333335,4.208333333333333,4.125,3.9583333333333335,3.75,3.8333333333333335,3.25,3.2916666666666665,1.4583333333333333,0.7083333333333334,0.6666666666666666,0.5833333333333334,0.4583333333333333,0.16666666666666666
152,0.0,0.08333333333333333,0.08333333333333333,0.0,0.0,0.041666666666666664,0.0,0.5,0.25,0.4166666666666667,0.125,0.16666666666666666,0.20833333333333334,0.125,0.16666666666666666,0.125,0.2916666666666667,0.125,0.16666666666666666,0.0,0.0,0.08333333333333333,0.08333333333333333,0.041666666666666664
153,0.0,0.0,0.0,0.0,0.0,0.0,0.0,0.0,0.0,0.0,0.0,0.041666666666666664,0.0,0.0,0.0,0.041666666666666664,0.0,0.0,0.0,0.0,0.0,0.0,0.0,0.0
154,0.0,0.0,0.041666666666666664,0.0,0.0,0.0,0.041666666666666664,0.0,0.0,0.0,0.0,0.041666666666666664,0.0,0.0,0.0,0.0,0.0,0.0,0.0,0.0,0.0,0.0,0.0,0.0
155,0.0,0.0,0.0,0.0,0.0,0.0,0.0,0.0,0.0,0.041666666666666664,0.041666666666666664,0.041666666666666664,0.041666666666666664,0.08333333333333333,0.16666666666666666,0.041666666666666664,0.041666666666666664,0.0,0.041666666666666664,0.0,0.0,0.0,0.0,0.0
156,0.0,0.0,0.0,0.0,0.0,0.0,0.0,0.0,0.0,0.0,0.0,0.0,0.0,0.0,0.0,0.0,0.0,0.0,0.0,0.0,0.0,0.0,0.0,0.0
157,0.041666666666666664,0.0,0.041666666666666664,0.0,0.0,0.0,0.0,0.041666666666666664,0.08333333333333333,0.0,0.041666666666666664,0.0,0.0,0.08333333333333333,0.0,0.041666666666666664,0.041666666666666664,0.0,0.041666666666666664,0.0,0.0,0.041666666666666664,0.0,0.125
158,0.3333333333333333,0.08333333333333333,0.125,0.08333333333333333,0.041666666666666664,0.041666666666666664,0.041666666666666664,1.0416666666666667,1.0,1.5833333333333333,1.625,1.7083333333333333,1.9166666666666667,1.5833333333333333,3.0416666666666665,2.4583333333333335,3.0,2.375,1.2916666666666667,1.375,0.625,0.9166666666666666,0.625,0.2916666666666667
159,0.0,0.0,0.0,0.0,0.0,0.041666666666666664,0.08333333333333333,0.041666666666666664,0.041666666666666664,0.08333333333333333,0.041666666666666664,0.041666666666666664,0.041666666666666664,0.08333333333333333,0.041666666666666664,0.041666666666666664,0.0,0.041666666666666664,0.0,0.0,0.041666666666666664,0.0,0.0,0.0
160,0.0,0.0,0.0,0.0,0.0,0.0,0.0,0.0,0.0,0.0,0.0,0.0,0.0,0.0,0.0,0.0,0.0,0.0,0.0,0.0,0.0,0.0,0.0,0.0
161,2.125,0.6666666666666666,0.125,0.3333333333333333,0.8333333333333334,1.0833333333333333,2.0,5.291666666666667,7.458333333333333,11.666666666666666,16.541666666666668,18.166666666666668,21.5,23.125,23.875,27.958333333333332,26.333333333333332,30.083333333333332,14.666666666666666,11.125,7.208333333333333,7.5,4.5,2.0833333333333335
162,1.375,0.7083333333333334,0.4583333333333333,0.4583333333333333,0.4583333333333333,1.7083333333333333,5.416666666666667,8.0,13.666666666666666,12.958333333333334,12.958333333333334,16.5,13.708333333333334,13.166666666666666,15.708333333333334,13.083333333333334,16.75,23.208333333333332,11.166666666666666,7.333333333333333,5.083333333333333,4.291666666666667,3.2916666666666665,1.1666666666666667
163,1.7083333333333333,0.7083333333333334,0.625,0.4583333333333333,0.7916666666666666,0.75,1.0,2.75,4.833333333333333,7.083333333333333,8.041666666666666,10.541666666666666,12.708333333333334,13.041666666666666,14.416666666666666,15.041666666666666,14.166666666666666,17.708333333333332,8.5,5.375,3.7083333333333335,3.1666666666666665,2.5416666666666665,2.3333333333333335
164,1.7083333333333333,0.625,0.625,0.4583333333333333,0.375,0.3333333333333333,1.0416666666666667,2.375,4.208333333333333,5.5,6.125,7.958333333333333,8.416666666666666,8.583333333333334,10.333333333333334,9.708333333333334,8.708333333333334,11.125,5.416666666666667,4.833333333333333,3.5833333333333335,4.875,2.4583333333333335,2.0416666666666665
165,0.0,0.0,0.0,0.0,0.0,0.041666666666666664,0.041666666666666664,0.041666666666666664,0.0,0.08333333333333333,0.041666666666666664,0.0,0.08333333333333333,0.08333333333333333,0.08333333333333333,0.0,0.0,0.041666666666666664,0.041666666666666664,0.0,0.0,0.0,0.0,0.0
166,0.08333333333333333,0.16666666666666666,0.0,0.0,0.041666666666666664,0.25,0.5,0.6666666666666666,1.5833333333333333,1.9166666666666667,1.25,1.4583333333333333,2.0833333333333335,1.625,2.2083333333333335,1.625,1.8333333333333333,1.5,0.9166666666666666,0.8333333333333334,0.2916666666666667,0.2916666666666667,0.16666666666666666,0.16666666666666666
167,0.0,0.0,0.0,0.0,0.08333333333333333,0.0,0.041666666666666664,0.0,0.041666666666666664,0.16666666666666666,0.25,0.041666666666666664,0.0,0.16666666666666666,0.0,0.0,0.0,0.0,0.0,0.0,0.0,0.0,0.0,0.0
168,0.0,0.0,0.0,0.0,0.0,0.0,0.041666666666666664,0.125,0.08333333333333333,0.125,0.0,0.0,0.08333333333333333,0.0,0.20833333333333334,0.0,0.25,0.041666666666666664,0.041666666666666664,0.0,0.0,0.0,0.0,0.0
169,0.0,0.041666666666666664,0.0,0.0,0.0,0.041666666666666664,0.0,0.041666666666666664,0.041666666666666664,0.125,0.0,0.08333333333333333,0.0,0.041666666666666664,0.0,0.041666666666666664,0.08333333333333333,0.0,0.0,0.0,0.0,0.0,0.0,0.0
170,1.125,0.5,0.3333333333333333,0.2916666666666667,0.20833333333333334,1.0,3.1666666666666665,5.666666666666667,8.625,11.875,12.916666666666666,11.208333333333334,12.541666666666666,13.125,14.666666666666666,14.166666666666666,13.958333333333334,12.041666666666666,7.5,3.9583333333333335,3.5,3.0,2.5416666666666665,1.5
171,0.0,0.0,0.0,0.0,0.0,0.0,0.0,0.08333333333333333,0.041666666666666664,0.0,0.0,0.0,0.0,0.0,0.0,0.0,0.0,0.0,0.0,0.0,0.0,0.0,0.0,0.0
172,0.0,0.0,0.0,0.0,0.0,0.0,0.0,0.0,0.0,0.0,0.0,0.0,0.0,0.0,0.0,0.0,0.0,0.0,0.0,0.0,0.0,0.0,0.0,0.0
173,0.0,0.0,0.0,0.0,0.041666666666666664,0.0,0.08333333333333333,0.0,0.0,0.0,0.0,0.0,0.0,0.041666666666666664,0.0,0.08333333333333333,0.0,0.0,0.0,0.0,0.0,0.0,0.0,0.0
174,0.0,0.0,0.0,0.0,0.0,0.0,0.0,0.0,0.041666666666666664,0.0,0.0,0.041666666666666664,0.0,0.041666666666666664,0.041666666666666664,0.0,0.0,0.0,0.0,0.0,0.0,0.0,0.0,0.0
175,0.0,0.0,0.0,0.0,0.0,0.041666666666666664,0.0,0.0,0.0,0.0,0.041666666666666664,0.0,0.0,0.0,0.041666666666666664,0.0,0.0,0.0,0.0,0.041666666666666664,0.0,0.0,0.0,0.0
176,0.0,0.0,0.0,0.0,0.0,0.0,0.0,0.0,0.0,0.0,0.0,0.0,0.0,0.0,0.0,0.0,0.0,0.0,0.0,0.0,0.0,0.0,0.0,0.0
177,0.0,0.0,0.0,0.0,0.0,0.08333333333333333,0.08333333333333333,0.08333333333333333,0.0,0.125,0.125,0.08333333333333333,0.125,0.125,0.041666666666666664,0.0,0.041666666666666664,0.041666666666666664,0.041666666666666664,0.0,0.0,0.0,0.0,0.0
178,0.0,0.0,0.0,0.0,0.0,0.041666666666666664,0.0,0.0,0.041666666666666664,0.041666666666666664,0.0,0.0,0.0,0.041666666666666664,0.041666666666666664,0.0,0.0,0.0,0.0,0.0,0.0,0.0,0.0,0.0
179,0.041666666666666664,0.0,0.0,0.041666666666666664,0.0,0.0,0.16666666666666666,0.0,0.041666666666666664,0.08333333333333333,0.041666666666666664,0.041666666666666664,0.041666666666666664,0.125,0.125,0.08333333333333333,0.08333333333333333,0.0,0.0,0.0,0.0,0.0,0.0,0.0
180,0.0,0.0,0.0,0.0,0.0,0.041666666666666664,0.0,0.0,0.0,0.0,0.0,0.041666666666666664,0.041666666666666664,0.08333333333333333,0.0,0.041666666666666664,0.0,0.0,0.0,0.0,0.0,0.0,0.0,0.0
181,0.0,0.041666666666666664,0.0,0.0,0.0,0.041666666666666664,0.0,0.08333333333333333,0.08333333333333333,0.20833333333333334,0.125,0.041666666666666664,0.08333333333333333,0.08333333333333333,0.041666666666666664,0.08333333333333333,0.08333333333333333,0.041666666666666664,0.0,0.0,0.0,0.0,0.041666666666666664,0.041666666666666664
182,0.0,0.0,0.0,0.0,0.0,0.25,0.041666666666666664,0.0,0.041666666666666664,0.0,0.041666666666666664,0.0,0.08333333333333333,0.125,0.041666666666666664,0.0,0.0,0.0,0.0,0.0,0.0,0.0,0.0,0.0
183,0.0,0.0,0.0,0.0,0.0,0.041666666666666664,0.0,0.0,0.0,0.0,0.0,0.0,0.041666666666666664,0.041666666666666664,0.0,0.0,0.0,0.041666666666666664,0.0,0.0,0.0,0.0,0.0,0.0
184,0.0,0.0,0.0,0.0,0.0,0.0,0.0,0.0,0.0,0.0,0.0,0.0,0.0,0.0,0.0,0.0,0.0,0.0,0.0,0.0,0.0,0.0,0.0,0.0
185,0.0,0.0,0.0,0.0,0.0,0.0,0.0,0.041666666666666664,0.0,0.0,0.0,0.08333333333333333,0.0,0.08333333333333333,0.0,0.041666666666666664,0.041666666666666664,0.0,0.0,0.0,0.0,0.0,0.0,0.0
186,3.375,1.7083333333333333,1.25,0.875,0.9583333333333334,4.375,9.0,12.916666666666666,14.125,15.25,15.541666666666666,14.916666666666666,13.166666666666666,13.166666666666666,13.333333333333334,13.75,9.958333333333334,12.625,7.958333333333333,6.583333333333333,6.083333333333333,15.291666666666666,5.166666666666667,1.5833333333333333
187,0.0,0.0,0.0,0.0,0.0,0.0,0.0,0.0,0.0,0.0,0.0,0.0,0.0,0.0,0.0,0.0,0.0,0.0,0.0,0.0,0.0,0.0,0.0,0.0
188,0.0,0.0,0.0,0.0,0.0,0.041666666666666664,0.16666666666666666,0.08333333333333333,0.08333333333333333,0.20833333333333334,0.125,0.20833333333333334,0.125,0.125,0.16666666666666666,0.125,0.041666666666666664,0.0,0.041666666666666664,0.0,0.0,0.0,0.0,0.0
189,0.041666666666666664,0.0,0.0,0.0,0.0,0.0,0.0,0.041666666666666664,0.0,0.08333333333333333,0.041666666666666664,0.041666666666666664,0.125,0.0,0.0,0.0,0.041666666666666664,0.0,0.0,0.0,0.0,0.0,0.0,0.0
190,0.0,0.0,0.0,0.0,0.0,0.0,0.0,0.0,0.0,0.0,0.0,0.0,0.0,0.0,0.0,0.041666666666666664,0.0,0.0,0.0,0.0,0.0,0.0,0.0,0.0
191,0.0,0.0,0.0,0.0,0.0,0.0,0.041666666666666664,0.0,0.0,0.0,0.125,0.08333333333333333,0.041666666666666664,0.0,0.041666666666666664,0.0,0.0,0.0,0.0,0.0,0.0,0.0,0.0,0.0
192,0.0,0.0,0.0,0.0,0.0,0.0,0.0,0.0,0.041666666666666664,0.0,0.0,0.0,0.0,0.0,0.0,0.08333333333333333,0.0,0.0,0.0,0.0,0.0,0.0,0.0,0.0
193,0.0,0.0,0.125,0.0,0.041666666666666664,0.16666666666666666,0.041666666666666664,0.16666666666666666,0.20833333333333334,0.3333333333333333,0.3333333333333333,0.375,0.3333333333333333,0.5416666666666666,0.5416666666666666,0.5416666666666666,0.5416666666666666,0.2916666666666667,0.16666666666666666,0.3333333333333333,0.2916666666666667,0.125,0.041666666666666664,0.0
194,0.041666666666666664,0.0,0.0,0.0,0.0,0.0,0.0,0.0,0.0,0.0,0.0,0.041666666666666664,0.0,0.0,0.0,0.0,0.041666666666666664,0.0,0.0,0.041666666666666664,0.0,0.0,0.0,0.0
195,0.0,0.0,0.0,0.0,0.0,0.041666666666666664,0.041666666666666664,0.4166666666666667,0.375,0.9583333333333334,0.2916666666666667,0.125,0.125,0.08333333333333333,0.08333333333333333,0.041666666666666664,0.041666666666666664,0.0,0.0,0.041666666666666664,0.0,0.0,0.0,0.0
196,0.08333333333333333,0.0,0.0,0.0,0.0,0.0,0.08333333333333333,0.125,0.0,0.041666666666666664,0.0,0.08333333333333333,0.125,0.041666666666666664,0.20833333333333334,0.041666666666666664,0.08333333333333333,0.041666666666666664,0.0,0.0,0.041666666666666664,0.0,0.041666666666666664,0.0
197,0.041666666666666664,0.0,0.0,0.0,0.0,0.08333333333333333,0.20833333333333334,0.125,0.041666666666666664,0.041666666666666664,0.08333333333333333,0.041666666666666664,0.041666666666666664,0.125,0.041666666666666664,0.25,0.20833333333333334,0.0,0.041666666666666664,0.0,0.0,0.0,0.0,0.0
198,0.0,0.0,0.041666666666666664,0.0,0.0,0.0,0.0,0.0,0.041666666666666664,0.0,0.0,0.041666666666666664,0.08333333333333333,0.0,0.08333333333333333,0.0,0.041666666666666664,0.041666666666666664,0.0,0.0,0.0,0.0,0.0,0.0
199,0.0,0.0,0.0,0.0,0.0,0.0,0.0,0.0,0.0,0.0,0.0,0.0,0.0,0.0,0.0,0.0,0.0,0.0,0.0,0.0,0.0,0.0,0.0,0.0
200,0.0,0.0,0.0,0.0,0.0,0.041666666666666664,0.041666666666666664,0.0,0.041666666666666664,0.0,0.0,0.0,0.041666666666666664,0.0,0.0,0.0,0.0,0.0,0.0,0.0,0.0,0.0,0.0,0.0
201,0.0,0.0,0.0,0.0,0.041666666666666664,0.041666666666666664,0.041666666666666664,0.0,0.041666666666666664,0.0,0.0,0.0,0.041666666666666664,0.0,0.0,0.0,0.0,0.08333333333333333,0.0,0.0,0.0,0.0,0.0,0.0
202,0.0,0.0,0.0,0.0,0.0,0.041666666666666664,0.041666666666666664,0.041666666666666664,0.0,0.041666666666666664,0.0,0.08333333333333333,0.0,0.041666666666666664,0.0,0.0,0.041666666666666664,0.08333333333333333,0.0,0.0,0.0,0.0,0.041666666666666664,0.0
203,0.0,0.0,0.0,0.0,0.08333333333333333,0.125,0.08333333333333333,0.0,0.0,0.0,0.041666666666666664,0.041666666666666664,0.041666666666666664,0.041666666666666664,0.0,0.0,0.0,0.041666666666666664,0.0,0.0,0.0,0.0,0.0,0.0
204,0.0,0.0,0.0,0.0,0.0,0.0,0.0,0.0,0.0,0.0,0.0,0.0,0.0,0.0,0.0,0.0,0.0,0.0,0.0,0.0,0.0,0.0,0.0,0.0
205,0.0,0.041666666666666664,0.0,0.0,0.0,0.125,0.125,0.125,0.125,0.16666666666666666,0.0,0.041666666666666664,0.0,0.0,0.08333333333333333,0.0,0.125,0.0,0.0,0.0,0.0,0.0,0.0,0.0
206,0.0,0.0,0.0,0.0,0.0,0.0,0.0,0.0,0.0,0.0,0.0,0.0,0.0,0.0,0.0,0.0,0.0,0.0,0.0,0.0,0.0,0.0,0.0,0.0
207,0.0,0.0,0.0,0.0,0.0,0.0,0.0,0.0,0.041666666666666664,0.0,0.125,0.125,0.16666666666666666,0.0,0.041666666666666664,0.0,0.0,0.0,0.0,0.0,0.0,0.0,0.0,0.0
208,0.0,0.0,0.0,0.0,0.0,0.0,0.041666666666666664,0.08333333333333333,0.0,0.08333333333333333,0.041666666666666664,0.0,0.0,0.0,0.0,0.0,0.041666666666666664,0.0,0.0,0.0,0.0,0.041666666666666664,0.0,0.0
209,0.16666666666666666,0.08333333333333333,0.041666666666666664,0.0,0.0,0.0,0.08333333333333333,0.125,0.2916666666666667,0.5,0.20833333333333334,0.7083333333333334,0.625,0.7083333333333334,0.8333333333333334,0.9166666666666666,0.75,0.6666666666666666,0.375,0.4166666666666667,0.25,0.2916666666666667,0.125,0.0
210,0.0,0.0,0.0,0.0,0.0,0.041666666666666664,0.125,0.16666666666666666,0.125,0.041666666666666664,0.08333333333333333,0.125,0.0,0.041666666666666664,0.0,0.041666666666666664,0.041666666666666664,0.041666666666666664,0.08333333333333333,0.0,0.0,0.0,0.0,0.0
211,0.4583333333333333,0.041666666666666664,0.125,0.041666666666666664,0.0,0.041666666666666664,0.16666666666666666,0.3333333333333333,0.7916666666666666,0.9583333333333334,1.3333333333333333,1.75,1.6666666666666667,2.4166666666666665,2.7083333333333335,3.5833333333333335,4.708333333333333,3.3333333333333335,1.1666666666666667,1.25,1.375,0.8333333333333334,0.75,0.3333333333333333
212,0.0,0.0,0.0,0.0,0.0,0.0,0.0,0.041666666666666664,0.0,0.041666666666666664,0.0,0.041666666666666664,0.041666666666666664,0.0,0.0,0.0,0.0,0.0,0.0,0.0,0.0,0.0,0.0,0.0
213,0.0,0.0,0.0,0.0,0.041666666666666664,0.0,0.125,0.08333333333333333,0.041666666666666664,0.08333333333333333,0.0,0.08333333333333333,0.125,0.041666666666666664,0.08333333333333333,0.0,0.041666666666666664,0.0,0.0,0.0,0.0,0.0,0.0,0.0
214,0.0,0.0,0.0,0.0,0.0,0.0,0.0,0.0,0.0,0.0,0.0,0.0,0.0,0.0,0.0,0.0,0.0,0.0,0.0,0.0,0.0,0.0,0.0,0.0
215,0.125,0.0,0.0,0.0,0.0,0.20833333333333334,0.0,0.08333333333333333,0.125,0.16666666666666666,0.16666666666666666,0.125,0.16666666666666666,0.041666666666666664,0.08333333333333333,0.041666666666666664,0.3333333333333333,0.041666666666666664,0.0,0.0,0.041666666666666664,0.041666666666666664,0.0,0.041666666666666664
216,0.041666666666666664,0.0,0.0,0.041666666666666664,0.125,0.20833333333333334,0.041666666666666664,0.08333333333333333,0.125,0.0,0.0,0.125,0.125,0.0,0.0,0.125,0.2916666666666667,0.08333333333333333,0.08333333333333333,0.0,0.08333333333333333,0.041666666666666664,0.0,0.041666666666666664
217,0.0,0.041666666666666664,0.0,0.0,0.0,0.0,0.0,0.125,0.0,0.0,0.041666666666666664,0.0,0.041666666666666664,0.041666666666666664,0.0,0.0,0.041666666666666664,0.041666666666666664,0.0,0.0,0.0,0.0,0.0,0.0
218,0.0,0.0,0.0,0.0,0.0,0.125,0.16666666666666666,0.0,0.08333333333333333,0.08333333333333333,0.041666666666666664,0.0,0.08333333333333333,0.0,0.041666666666666664,0.08333333333333333,0.0,0.0,0.0,0.0,0.0,0.0,0.0,0.0
219,0.0,0.0,0.041666666666666664,0.0,0.0,0.16666666666666666,0.16666666666666666,0.041666666666666664,0.08333333333333333,0.0,0.041666666666666664,0.041666666666666664,0.08333333333333333,0.041666666666666664,0.0,0.0,0.041666666666666664,0.08333333333333333,0.041666666666666664,0.0,0.041666666666666664,0.041666666666666664,0.041666666666666664,0.125
220,0.0,0.0,0.0,0.0,0.0,0.0,0.0,0.0,0.041666666666666664,0.041666666666666664,0.08333333333333333,0.0,0.041666666666666664,0.041666666666666664,0.041666666666666664,0.0,0.0,0.0,0.0,0.0,0.0,0.0,0.0,0.0
221,0.0,0.0,0.0,0.0,0.0,0.0,0.0,0.0,0.0,0.0,0.0,0.0,0.0,0.0,0.0,0.0,0.0,0.0,0.0,0.0,0.0,0.0,0.0,0.0
222,0.0,0.0,0.0,0.0,0.0,0.08333333333333333,0.08333333333333333,0.041666666666666664,0.08333333333333333,0.041666666666666664,0.125,0.08333333333333333,0.0,0.08333333333333333,0.0,0.041666666666666664,0.0,0.041666666666666664,0.0,0.0,0.0,0.0,0.0,0.0
223,0.0,0.08333333333333333,0.0,0.0,0.0,0.0,0.041666666666666664,0.08333333333333333,0.041666666666666664,0.041666666666666664,0.16666666666666666,0.041666666666666664,0.0,0.08333333333333333,0.125,0.0,0.08333333333333333,0.041666666666666664,0.0,0.041666666666666664,0.041666666666666664,0.0,0.0,0.0
224,0.08333333333333333,0.0,0.08333333333333333,0.0,0.041666666666666664,0.041666666666666664,0.16666666666666666,0.2916666666666667,0.4166666666666667,0.2916666666666667,0.5,0.3333333333333333,0.5,0.375,0.625,0.375,0.16666666666666666,0.25,0.125,0.041666666666666664,0.16666666666666666,0.125,0.125,0.0
225,0.0,0.0,0.0,0.0,0.0,0.125,0.16666666666666666,0.16666666666666666,0.16666666666666666,0.041666666666666664,0.125,0.08333333333333333,0.08333333333333333,0.125,0.08333333333333333,0.08333333333333333,0.0,0.125,0.041666666666666664,0.0,0.041666666666666664,0.0,0.0,0.0
226,0.125,0.041666666666666664,0.08333333333333333,0.0,0.08333333333333333,0.16666666666666666,0.25,0.25,0.5416666666666666,0.125,0.20833333333333334,0.25,0.16666666666666666,0.16666666666666666,0.16666666666666666,0.3333333333333333,0.2916666666666667,0.25,0.125,0.041666666666666664,0.041666666666666664,0.08333333333333333,0.0,0.041666666666666664
227,0.0,0.0,0.0,0.0,0.0,0.0,0.041666666666666664,0.0,0.041666666666666664,0.0,0.0,0.041666666666666664,0.041666666666666664,0.0,0.0,0.041666666666666664,0.041666666666666664,0.0,0.0,0.0,0.041666666666666664,0.0,0.0,0.0
228,0.0,0.0,0.0,0.0,0.0,0.0,0.0,0.041666666666666664,0.0,0.0,0.0,0.041666666666666664,0.041666666666666664,0.041666666666666664,0.0,0.0,0.0,0.0,0.08333333333333333,0.0,0.0,0.0,0.0,0.0
229,0.75,0.5,0.4583333333333333,0.20833333333333334,0.2916666666666667,0.6666666666666666,1.4166666666666667,4.625,8.166666666666666,7.958333333333333,8.166666666666666,7.916666666666667,9.125,8.5,7.666666666666667,6.625,7.0,7.416666666666667,4.75,2.2916666666666665,2.25,1.75,1.9583333333333333,0.7083333333333334
230,3.7916666666666665,1.5,0.875,0.875,1.1666666666666667,1.1666666666666667,2.125,2.9583333333333335,5.75,9.708333333333334,10.583333333333334,12.958333333333334,11.791666666666666,13.166666666666666,10.708333333333334,14.625,16.958333333333332,19.791666666666668,7.958333333333333,6.125,6.333333333333333,10.458333333333334,8.375,4.208333333333333
231,0.8333333333333334,0.20833333333333334,0.08333333333333333,0.041666666666666664,0.08333333333333333,0.25,0.7083333333333334,1.625,2.6666666666666665,2.625,3.0833333333333335,3.8333333333333335,4.75,4.5,5.458333333333333,5.041666666666667,5.25,5.625,3.125,2.5416666666666665,1.5,1.1666666666666667,1.0416666666666667,0.75
232,0.08333333333333333,0.0,0.0,0.0,0.041666666666666664,0.041666666666666664,0.08333333333333333,0.125,0.25,0.2916666666666667,0.08333333333333333,0.5416666666666666,0.7916666666666666,0.5833333333333334,0.9166666666666666,0.625,0.9583333333333334,0.625,0.2916666666666667,0.4583333333333333,0.08333333333333333,0.08333333333333333,0.041666666666666664,0.041666666666666664
233,0.5833333333333334,0.125,0.16666666666666666,0.041666666666666664,0.20833333333333334,0.6666666666666666,1.125,2.8333333333333335,4.25,5.75,5.625,4.958333333333333,5.083333333333333,5.416666666666667,5.791666666666667,4.666666666666667,5.083333333333333,5.625,3.7083333333333335,1.75,1.875,1.5833333333333333,0.375,0.5416666666666666
234,1.1666666666666667,0.375,0.0,0.20833333333333334,0.08333333333333333,0.25,0.8333333333333334,2.5833333333333335,3.75,4.666666666666667,6.0,6.958333333333333,8.75,9.333333333333334,9.416666666666666,9.75,12.416666666666666,11.625,5.708333333333333,3.7916666666666665,3.6666666666666665,2.875,2.5416666666666665,1.5416666666666667
235,0.0,0.0,0.0,0.0,0.041666666666666664,0.16666666666666666,0.0,0.0,0.20833333333333334,0.125,0.0,0.041666666666666664,0.08333333333333333,0.08333333333333333,0.041666666666666664,0.0,0.0,0.041666666666666664,0.0,0.0,0.0,0.0,0.0,0.0
236,0.7083333333333334,0.125,0.08333333333333333,0.041666666666666664,0.16666666666666666,0.9583333333333334,3.8333333333333335,12.875,16.291666666666668,19.833333333333332,21.291666666666668,22.0,21.916666666666668,21.75,22.958333333333332,22.291666666666668,21.416666666666668,17.958333333333332,8.75,5.791666666666667,3.875,2.4583333333333335,1.875,0.5833333333333334
237,1.5,0.3333333333333333,0.041666666666666664,0.041666666666666664,0.4166666666666667,0.9583333333333334,2.0416666666666665,6.875,11.458333333333334,16.291666666666668,18.791666666666668,24.291666666666668,22.291666666666668,24.083333333333332,26.291666666666668,26.416666666666668,24.25,22.041666666666668,8.583333333333334,5.708333333333333,5.25,4.916666666666667,2.125,1.3333333333333333
238,0.75,0.20833333333333334,0.16666666666666666,0.08333333333333333,0.4166666666666667,0.6666666666666666,2.5416666666666665,6.041666666666667,9.125,10.833333333333334,8.958333333333334,9.291666666666666,8.083333333333334,9.541666666666666,9.625,8.125,7.625,8.291666666666666,3.25,2.5,1.5,1.1666666666666667,1.3333333333333333,0.7083333333333334
239,0.7916666666666666,0.20833333333333334,0.08333333333333333,0.0,0.2916666666666667,0.6666666666666666,2.0833333333333335,5.916666666666667,9.208333333333334,10.166666666666666,8.75,10.333333333333334,12.458333333333334,12.875,13.583333333333334,15.083333333333334,14.083333333333334,13.958333333333334,4.625,4.125,3.625,2.875,1.3333333333333333,0.9583333333333334
240,0.0,0.0,0.0,0.0,0.0,0.041666666666666664,0.0,0.0,0.0,0.0,0.0,0.0,0.0,0.041666666666666664,0.0,0.0,0.0,0.0,0.0,0.0,0.0,0.0,0.0,0.0
241,0.0,0.0,0.0,0.0,0.041666666666666664,0.0,0.08333333333333333,0.08333333333333333,0.041666666666666664,0.0,0.041666666666666664,0.041666666666666664,0.0,0.041666666666666664,0.0,0.041666666666666664,0.0,0.0,0.0,0.0,0.0,0.0,0.0,0.0
242,0.0,0.0,0.0,0.0,0.0,0.041666666666666664,0.0,0.041666666666666664,0.041666666666666664,0.0,0.041666666666666664,0.125,0.08333333333333333,0.0,0.08333333333333333,0.041666666666666664,0.0,0.08333333333333333,0.0,0.0,0.0,0.0,0.0,0.0
243,0.0,0.0,0.0,0.0,0.0,0.0,0.041666666666666664,0.0,0.08333333333333333,0.041666666666666664,0.08333333333333333,0.125,0.08333333333333333,0.125,0.041666666666666664,0.0,0.125,0.041666666666666664,0.08333333333333333,0.0,0.0,0.0,0.0,0.041666666666666664
244,0.20833333333333334,0.08333333333333333,0.0,0.0,0.0,0.08333333333333333,0.125,0.2916666666666667,0.3333333333333333,0.08333333333333333,0.20833333333333334,0.25,0.25,0.375,0.2916666666666667,0.3333333333333333,0.125,0.041666666666666664,0.0,0.041666666666666664,0.041666666666666664,0.0,0.041666666666666664,0.0
245,0.0,0.0,0.0,0.0,0.0,0.0,0.0,0.0,0.0,0.0,0.0,0.0,0.0,0.0,0.0,0.0,0.0,0.0,0.0,0.0,0.0,0.0,0.0,0.0
246,0.6666666666666666,0.4583333333333333,0.5416666666666666,0.625,0.041666666666666664,0.041666666666666664,0.16666666666666666,0.875,2.5416666666666665,2.0833333333333335,3.0833333333333335,3.875,5.041666666666667,5.125,6.625,7.333333333333333,9.166666666666666,9.583333333333334,3.125,2.5833333333333335,2.4583333333333335,2.2916666666666665,1.125,0.5416666666666666
247,0.041666666666666664,0.0,0.0,0.0,0.0,0.0,0.0,0.08333333333333333,0.125,0.08333333333333333,0.041666666666666664,0.041666666666666664,0.08333333333333333,0.041666666666666664,0.0,0.041666666666666664,0.041666666666666664,0.041666666666666664,0.0,0.08333333333333333,0.0,0.0,0.0,0.041666666666666664
248,0.0,0.0,0.0,0.0,0.0,0.041666666666666664,0.0,0.0,0.041666666666666664,0.0,0.0,0.041666666666666664,0.0,0.0,0.0,0.0,0.0,0.041666666666666664,0.0,0.0,0.0,0.0,0.0,0.0
249,2.4583333333333335,1.75,1.0,0.5833333333333334,0.2916666666666667,0.2916666666666667,0.7916666666666666,2.5416666666666665,3.5833333333333335,3.8333333333333335,3.2916666666666665,3.6666666666666665,4.25,4.375,4.458333333333333,4.583333333333333,4.041666666666667,4.958333333333333,2.7916666666666665,2.5,2.2916666666666665,3.5833333333333335,2.8333333333333335,1.9166666666666667
250,0.0,0.0,0.0,0.0,0.041666666666666664,0.041666666666666664,0.0,0.0,0.125,0.0,0.0,0.0,0.0,0.0,0.0,0.041666666666666664,0.08333333333333333,0.0,0.0,0.0,0.0,0.0,0.0,0.0
251,0.0,0.0,0.0,0.0,0.0,0.0,0.0,0.0,0.0,0.0,0.0,0.0,0.0,0.0,0.0,0.0,0.0,0.0,0.0,0.0,0.0,0.0,0.0,0.0
252,0.0,0.0,0.0,0.0,0.0,0.0,0.0,0.041666666666666664,0.0,0.0,0.0,0.0,0.0,0.0,0.0,0.0,0.041666666666666664,0.0,0.0,0.0,0.0,0.0,0.0,0.0
253,0.0,0.0,0.0,0.0,0.0,0.0,0.0,0.0,0.0,0.0,0.0,0.0,0.0,0.0,0.0,0.0,0.0,0.0,0.0,0.0,0.0,0.0,0.0,0.0
254,0.0,0.0,0.0,0.0,0.0,0.0,0.041666666666666664,0.0,0.0,0.0,0.041666666666666664,0.041666666666666664,0.0,0.0,0.041666666666666664,0.0,0.041666666666666664,0.041666666666666664,0.0,0.041666666666666664,0.0,0.0,0.0,0.0
255,0.08333333333333333,0.041666666666666664,0.0,0.0,0.0,0.0,0.0,0.0,0.041666666666666664,0.041666666666666664,0.041666666666666664,0.0,0.0,0.0,0.041666666666666664,0.0,0.041666666666666664,0.08333333333333333,0.0,0.0,0.0,0.0,0.041666666666666664,0.08333333333333333
256,0.125,0.08333333333333333,0.0,0.0,0.0,0.0,0.0,0.041666666666666664,0.041666666666666664,0.0,0.0,0.0,0.041666666666666664,0.0,0.041666666666666664,0.08333333333333333,0.08333333333333333,0.041666666666666664,0.0,0.0,0.0,0.041666666666666664,0.0,0.0
257,0.0,0.0,0.0,0.0,0.0,0.0,0.0,0.041666666666666664,0.0,0.0,0.08333333333333333,0.0,0.0,0.041666666666666664,0.041666666666666664,0.0,0.0,0.0,0.0,0.0,0.0,0.0,0.0,0.0
258,0.0,0.0,0.041666666666666664,0.0,0.0,0.0,0.08333333333333333,0.041666666666666664,0.0,0.125,0.08333333333333333,0.0,0.0,0.0,0.041666666666666664,0.0,0.041666666666666664,0.0,0.0,0.0,0.041666666666666664,0.0,0.0,0.0
259,0.0,0.0,0.0,0.0,0.041666666666666664,0.041666666666666664,0.08333333333333333,0.0,0.0,0.0,0.0,0.041666666666666664,0.041666666666666664,0.041666666666666664,0.0,0.041666666666666664,0.0,0.0,0.0,0.0,0.0,0.0,0.0,0.0
260,0.0,0.0,0.0,0.0,0.0,0.0,0.08333333333333333,0.25,0.125,0.08333333333333333,0.041666666666666664,0.125,0.16666666666666666,0.20833333333333334,0.08333333333333333,0.08333333333333333,0.125,0.0,0.0,0.041666666666666664,0.041666666666666664,0.041666666666666664,0.041666666666666664,0.08333333333333333
261,0.08333333333333333,0.16666666666666666,0.0,0.0,0.08333333333333333,0.125,0.125,0.625,0.375,1.2916666666666667,1.2916666666666667,2.375,2.3333333333333335,3.3333333333333335,3.4166666666666665,4.041666666666667,3.125,3.1666666666666665,1.1666666666666667,0.9583333333333334,0.7083333333333334,0.2916666666666667,0.125,0.25
262,0.08333333333333333,0.041666666666666664,0.08333333333333333,0.08333333333333333,0.20833333333333334,0.9583333333333334,3.5416666666666665,6.416666666666667,9.416666666666666,8.5,7.791666666666667,6.333333333333333,6.5,5.291666666666667,5.458333333333333,4.375,4.125,3.9166666666666665,2.1666666666666665,1.3333333333333333,1.0416666666666667,0.6666666666666666,0.625,0.125
263,0.9166666666666666,0.5833333333333334,0.7083333333333334,0.08333333333333333,0.2916666666666667,0.7916666666666666,2.5,6.75,8.458333333333334,8.833333333333334,6.875,6.666666666666667,7.125,6.958333333333333,8.5,7.833333333333333,6.916666666666667,6.5,3.7083333333333335,2.7083333333333335,2.9583333333333335,1.1666666666666667,1.625,0.9166666666666666
